<?xml version="1.0" encoding="UTF-8"?>
<project-private xmlns="http://www.netbeans.org/ns/project-private/1">
    <editor-bookmarks xmlns="http://www.netbeans.org/ns/editor-bookmarks/2" lastBookmarkId="1">
        <file>
            <url>web/home.jsp</url>
            <bookmark id="1">
                <name/>
                <line>0</line>
                <key/>
            </bookmark>
        </file>
    </editor-bookmarks>
    <open-files xmlns="http://www.netbeans.org/ns/projectui-open-files/2">
        <group>
            <file>file:/C:/Users/USER/Documents/NetBeansProjects/Blog/web/resetPassword.jsp</file>
            <file>file:/C:/Users/USER/Documents/NetBeansProjects/Blog/src/java/controllers/LoginServlet.java</file>
            <file>file:/C:/Users/USER/Documents/NetBeansProjects/Blog/web/home.jsp</file>
            <file>file:/C:/Users/USER/Documents/NetBeansProjects/Blog/src/java/controllers/BlogServlet.java</file>
            <file>file:/C:/Users/USER/Documents/NetBeansProjects/Blog/src/java/models/Blog.java</file>
            <file>file:/C:/Users/USER/Documents/NetBeansProjects/Blog/src/java/controllers/CreateBlogServlet.java</file>
            <file>file:/C:/Users/USER/Documents/NetBeansProjects/Blog/web/password-fail.jsp</file>
            <file>file:/C:/Users/USER/Documents/NetBeansProjects/Blog/web/password-success.jsp</file>
            <file>file:/C:/Users/USER/Documents/NetBeansProjects/Blog/web/createBlog.jsp</file>
            <file>file:/C:/Users/USER/Documents/NetBeansProjects/Blog/web/blog.jsp</file>
            <file>file:/C:/Users/USER/Documents/NetBeansProjects/Blog/web/logout.jsp</file>
            <file>file:/C:/Users/USER/Documents/NetBeansProjects/Blog/src/java/controllers/SignupServlet.java</file>
            <file>file:/C:/Users/USER/Documents/NetBeansProjects/Blog/src/java/controllers/EmailCheckForgetPasswordServlet.java</file>
            <file>file:/C:/Users/USER/Documents/NetBeansProjects/Blog/web/styles/signup.css</file>
            <file>file:/C:/Users/USER/Documents/NetBeansProjects/Blog/web/styles/styles.css</file>
            <file>file:/C:/Users/USER/Documents/NetBeansProjects/Blog/src/java/models/User.java</file>
            <file>file:/C:/Users/USER/Documents/NetBeansProjects/Blog/web/forgetpassword.jsp</file>
            <file>file:/C:/Users/USER/Documents/NetBeansProjects/Blog/web/index.jsp</file>
            <file>file:/C:/Users/USER/Documents/NetBeansProjects/Blog/web/nav.jsp</file>
            <file>file:/C:/Users/USER/Documents/NetBeansProjects/Blog/src/java/controllers/DeleteBlogServlet.java</file>
            <file>file:/C:/Users/USER/Documents/NetBeansProjects/Blog/web/styles/login.css</file>
            <file>file:/C:/Users/USER/Documents/NetBeansProjects/Blog/src/java/models/Comment.java</file>
            <file>file:/C:/Users/USER/Documents/NetBeansProjects/Blog/web/WEB-INF/tlds/blog.tld</file>
            <file>file:/C:/Users/USER/Documents/NetBeansProjects/Blog/web/signup.jsp</file>
        </group>
    </open-files>
</project-private>
